Model,Training RMSE,Testing RMSE,Training R²,Testing R²
Ridge Regression,0.1408011711445494,0.14478913327090437,0.3288970083442767,0.2663554150677253
ElasticNet,0.1413711050613643,0.14528237403452837,0.32345304133534303,0.26134841251588803
Lasso Regression,0.14134416243456813,0.14530887588398747,0.3237108905650008,0.26107890399828504
Linear Regression,0.14060887853091716,0.14533008581665602,0.33072881168081714,0.2608631758067369
